Name, Dataset
SimpleORAM, Test
EvoCrypt, Train
Formosa Dilithium, Train
Formosa Keccak, Train
Formosa SLHDSA, Train
Formosa XMSS, Train
Formosa MLKEM, Train
Formosa Arch-Specs, Train
Formosa MLDSA Correctness, Train
Formosa 25519, Train
Formosa Crypto-Specs, Train
Formosa Jasmin Tutorial, Train
Formosa Libjade, Train
Formosa X-Wing, Train
Formosa libjbn, Train
Jasmin-Zk, Test
Asymmetric Ladder, Train
Zksync-Verification, Train
Probabilistic Or, Train
PCR, Train
Saber, Train
ZK in EC, Test
Easy Schnorr, Test
Xwing Benchmarks, Train
FV-XMSS-EC, Train
AutoCrypt, Test
Algorithmic Bounds, Train
Rewinding, Test
XMSS-Jasmin, Train
Random Password Generator, Train
Decomposition-Zk, Test
Zkp-Xpln, Train
Minivoting, Test
Yao, Test
QSSM-RS, Train
DualKey-MLWR, Train
Solberg Defense, Test
MPCEC, Train
Cryptolib, Train
SpaceWallet, Test
Frodo-EC, Test
Modelling PQC EC, Test
EzRSA, Train
CS591 Project, Test
Mystery Thesis, Test
EasyPIR, Train
Meijers Dissertation, Train
Evoting Thesis, Test
KZG PCS, Test
Commit Non Malleability EC, Test 
OSKGO Thesis, Test
EasyCrypt Iceberg, Test
Shipovnik Verification, Train
Comparison Non Malleability Unsat, Test
EC Final Project, Train
Guessing Game, Train
BLT Signatures, Test
Above Threshold, Test
Sphincs, Test
EasyCrypt Examples, Test
LQ-1, Train
Uvoting, Test
FV Sphincs, Train 
ElGamal, Train
Old Formosa Libjc, Test
SRI High Assurance Crypto, Train
EasyCrypt, Train
Merkle Damgard, Test
CMAC, Test
CraftCodeLab, Test
Formal Methods S&P, Test
EasyTeach, Test
EasyTeach Alley, Train
The Joy of EasyCrypt, Test
Acc sElect, Test